guide_id	protospacer	targeting	type	guide_chr	guide_start	guide_end	strand	pam
BROX_sg1	CCCTCGGCTCCGGAGGTAGG	BROX	Direct_targeting	chr1	222712600	222712620	+	NGG
BROX_sg2	GGTAGTGCGCGCAGCTCAGG	BROX	Direct_targeting	chr1	222712744	222712764	+	NGG
CCND2_sg1	AGCGGAGAAGAGCGAGCAGG	CCND2	Direct_targeting	chr12	4273763	4273783	+	NGG
CCND2_sg2	GTGGGCGAGCAGAGCCTCGG	CCND2	Direct_targeting	chr12	4273832	4273852	+	NGG
CEBPB_sg1	GCGAGTCAGAGCCGCGCACG	CEBPB	Direct_targeting	chr20	50190830	50190850	+	NGG
CEBPB_sg2	GTGGCCGCTATTAGTGAGGG	CEBPB	Direct_targeting	chr20	50190891	50190911	+	NGG
CHRAC1_sg1	TGGTCGTGGGTAAAGACAAG	CHRAC1	Direct_targeting	chr8	140511509	140511529	+	NGG
CHRAC1_sg2	CCCGTGGGAGTTGTAGTGTG	CHRAC1	Direct_targeting	chr8	140511379	140511399	+	NGG
CITED2_sg1	AGCTGTGAGGGCAACGGAGG	CITED2	Direct_targeting	chr6	139374591	139374611	-	NGG
CITED2_sg2	CGGTCCTGCCGAGCTGTGAG	CITED2	Direct_targeting	chr6	139374602	139374622	-	NGG
COMT_sg1	CATCGTCGTGGGGCTTCTGG	COMT	Direct_targeting	chr22	19941800	19941820	+	NGG
COMT_sg2	AGGGTGGAACACTGGGATAG	COMT	Direct_targeting	chr22	19941960	19941980	+	NGG
DECR1_sg1	GAGAGCACAGAGCAACCCGG	DECR1	Direct_targeting	chr8	90001828	90001848	+	NGG
DECR1_sg2	TCCGAGGAGCGAGGCCACAG	DECR1	Direct_targeting	chr8	90001539	90001559	+	NGG
EBPL_sg1	AGCAGGGAGAGAAACGACGG	EBPL	Direct_targeting	chr13	49691471	49691491	-	NGG
EBPL_sg2	CGTCGGAAGCCTGAAGCATG	EBPL	Direct_targeting	chr13	49691421	49691441	-	NGG
EIF4EBP1_sg1	AGGGCAGCGAGAGGTTCGCG	EIF4EBP1	Direct_targeting	chr8	38030533	38030553	+	NGG
EIF4EBP1_sg2	CACAGGAGACCATGTCCGGG	EIF4EBP1	Direct_targeting	chr8	38030562	38030582	+	NGG
FAM83A_sg1	GGAGCAGGCGGCCTCCCGGG	FAM83A	Direct_targeting	chr8	123182735	123182755	+	NGG
FAM83A_sg2	AACACACCACGGAGGAGTGG	FAM83A	Direct_targeting	chr8	123182767	123182787	+	NGG
FECH_sg1	GCAGCCTCGGCCCGAGTCCG	FECH	Direct_targeting	chr18	57586627	57586647	-	NGG
FECH_sg2	CACTGCTGGGCGGACACCTG	FECH	Direct_targeting	chr18	57586670	57586690	-	NGG
GATA2_sg1	CTTACAGGGTAGGAGCTGGG	GATA2	Direct_targeting	chr3	128487819	128487839	-	NGG
GATA2_sg2	ACTTGAGCAGCGAGTCCCGG	GATA2	Direct_targeting	chr3	128493132	128493152	-	NGG
GYPC_sg1	CGCGGCCCGCAGCAGCCAGG	GYPC	Direct_targeting	chr2	126656357	126656377	+	NGG
GYPC_sg2	GGCACGGACCGGGACACCAG	GYPC	Direct_targeting	chr2	126656401	126656421	+	NGG
HBD_sg1	GGGTAGGAAAACAGCCCAAG	HBD	Direct_targeting	chr11	5234217	5234237	-	NGG
HBD_sg2	AGGACCAGCATAAAAGGCAG	HBD	Direct_targeting	chr11	5234503	5234523	-	NGG
HNRNPA1_sg1	AGGCGGGGTAAAAAAGAGAG	HNRNPA1	Direct_targeting	chr12	54280688	54280708	+	NGG
HNRNPA1_sg2	GTGCGTCGGAAGGCGACTAG	HNRNPA1	Direct_targeting	chr12	54281167	54281187	+	NGG
ITGB1BP1_sg1	AGCCGCTGTCGCCCCGGAGG	ITGB1BP1	Direct_targeting	chr2	9423121	9423141	-	NGG
ITGB1BP1_sg2	CCGGCGGACGTGGGCAGGAG	ITGB1BP1	Direct_targeting	chr2	9423489	9423509	-	NGG
JAGN1_sg1	GGCTGCGGGGGCGCAAATAG	JAGN1	Direct_targeting	chr3	9890627	9890647	+	NGG
JAGN1_sg2	GGGCGCAAATAGGGTCAGTG	JAGN1	Direct_targeting	chr3	9890635	9890655	+	NGG
LAMTOR1_sg1	TGGAGGGGACAGATTACAGG	LAMTOR1	Direct_targeting	chr6	154142092	154142112	-	NGG
LAMTOR1_sg2	CCGGCCCGACCCCGGCCATG	LAMTOR1	Direct_targeting	chr11	72103221	72103241	-	NGG
LMO2_sg1	TCGCCGCCGAGGGCAGAGAG	LMO2	Direct_targeting	chr11	33869850	33869870	-	NGG
LMO2_sg2	CCCGGGCCGAAGGTGCGAGG	LMO2	Direct_targeting	chr11	33869816	33869836	-	NGG
LRIF1_sg1	CGACAGCGGGCTCTCGAGAG	LRIF1	Direct_targeting	chr1	110963831	110963851	-	NGG
LRIF1_sg2	GACCTCGTCCCGAAGCCTGG	LRIF1	Direct_targeting	chr1	110963860	110963880	-	NGG
MAN1A1_sg1	GCGCACCTCTGGGCAGGAGG	MAN1A1	Direct_targeting	chr6	119349535	119349555	-	NGG
MAN1A1_sg2	GCCCCGGCGCGGCTCAGGTG	MAN1A1	Direct_targeting	chr6	119349664	119349684	-	NGG
MRPS35_sg1	TGGCTGTCTCTGCAGTCGAG	MRPS35	Direct_targeting	chr12	27710867	27710887	+	NGG
MRPS35_sg2	CTGCAGAGACAGCCATGCTG	MRPS35	Direct_targeting	chr12	27710862	27710882	+	NGG
MRPS36_sg1	CGGCGATCACTGGAGTCCCG	MRPS36	Direct_targeting	chr5	69217768	69217788	+	NGG
MRPS36_sg2	CGAGAAGGGGCAGTTTCCGG	MRPS36	Direct_targeting	chr5	69217803	69217823	+	NGG
NDUFB7_sg1	AGGTAGCGCCGGACCAGGTG	NDUFB7	Direct_targeting	chr19	14571971	14571991	-	NGG
NDUFB7_sg2	AGATCCCTGCAGCAGCCGAG	NDUFB7	Direct_targeting	chr19	14572015	14572035	-	NGG
NEK2_sg1	CCAGGGACCAGGAACTCCAG	NEK2	Direct_targeting	chr1	211675539	211675559	-	NGG
NEK2_sg2	GGCCCGCGACGGTTAAACGG	NEK2	Direct_targeting	chr1	211675615	211675635	-	NGG
OARD1_sg1	GGGTGACTTGGGTACGTTGG	OARD1	Direct_targeting	chr6	41072309	41072329	-	NGG
OARD1_sg2	TCCAGGTGAAGGGTGACTTG	OARD1	Direct_targeting	chr6	41072319	41072339	-	NGG
ODC1_sg1	CCCCGAGCTGTGAAGACGGG	ODC1	Direct_targeting	chr2	10447886	10447906	-	NGG
ODC1_sg2	GGCGGCGGCGGCTACAGGAG	ODC1	Direct_targeting	chr2	10448299	10448319	-	NGG
PCBD1_sg1	AGCAGGTGGCCAGCGGAGAG	PCBD1	Direct_targeting	chr10	70888545	70888565	-	NGG
PCBD1_sg2	CGCGCCATGGTGAGTCCAGG	PCBD1	Direct_targeting	chr10	70888519	70888539	-	NGG
PLEKHJ1_sg1	CCAGCAGCAGGGCTCCGACG	PLEKHJ1	Direct_targeting	chr19	2235806	2235826	-	NGG
PLEKHJ1_sg2	CCGCGGGGAACGGGAACCCG	PLEKHJ1	Direct_targeting	chr19	2236252	2236272	-	NGG
PPID_sg1	GAGTACCTAGTGGCCGCCCG	PPID	Direct_targeting	chr4	158723322	158723342	-	NGG
PPID_sg2	GAGCAGGCCCGGAGATCTAG	PPID	Direct_targeting	chr4	158723042	158723062	-	NGG
PPP1R11_sg1	GAAGCGGCGAGCCGGAAGTG	PPP1R11	Direct_targeting	chr6	30067207	30067227	+	NGG
PPP1R11_sg2	TTAGCCAGGTTATCCCCAGG	PPP1R11	Direct_targeting	chr6	30067230	30067250	+	NGG
PSMG2_sg1	CGGTGCCTTGGGAGAAATAG	PSMG2	Direct_targeting	chr18	12703241	12703261	+	NGG
PSMG2_sg2	GCGGCCCTGGCAAGAACGAG	PSMG2	Direct_targeting	chr18	12703055	12703075	+	NGG
RBM17_sg1	GCCCTGAGGACTCAGCGAAG	RBM17	Direct_targeting	chr10	6089065	6089085	+	NGG
RBM17_sg2	TGAGGACTCAGCGAAGGGTG	RBM17	Direct_targeting	chr10	6089069	6089089	+	NGG
RNF181_sg1	GCTATCGAGCAGGGTCCGAG	RNF181	Direct_targeting	chr2	85595718	85595738	+	NGG
RNF181_sg2	AGGGCTGTGTCAGAAGGCTG	RNF181	Direct_targeting	chr2	85595736	85595756	+	NGG
RPS3_sg1	AAGAGGAAGGTGAGCCTCTG	RPS3	Direct_targeting	chr11	75399568	75399588	+	NGG
RPS3_sg2	AGGTGAGCCTCTGGGGACTG	RPS3	Direct_targeting	chr11	75399575	75399595	+	NGG
RWDD1_sg1	CCCGGCGCGGCAGCTGTCTG	RWDD1	Direct_targeting	chr6	116571505	116571525	+	NGG
RWDD1_sg2	AGGTGTCTGGGCGATCTATG	RWDD1	Direct_targeting	chr6	116571543	116571563	+	NGG
SDHC_sg1	TTGCTGAGGTGACTTCAGTG	SDHC	Direct_targeting	chr1	161314417	161314437	+	NGG
SDHC_sg2	GCCAGTTCAGATCTCCGGAG	SDHC	Direct_targeting	chr1	161314462	161314482	+	NGG
SEPT11_sg1	GAGCAGAGCGCAGCCGCGAG	SEPT11	Direct_targeting	chr4	76949786	76949806		NGG
SEPT11_sg2	AGCCGCGAGGGAGGCGCGAG	SEPT11	Direct_targeting	chr4	76949797	76949817		NGG
SLC25A4_sg1	GCGGTGCCAGGCCGGGCGTG	SLC25A4	Direct_targeting	chr4	185143301	185143321	+	NGG
SLC25A4_sg2	CGTGGGCGAGAGCACGAACG	SLC25A4	Direct_targeting	chr4	185143317	185143337	+	NGG
SMARCC1_sg1	GCCAGGCTGTGGGGACGACG	SMARCC1	Direct_targeting	chr3	47781807	47781827	-	NGG
SMARCC1_sg2	GGTGCGCGCGGGAACGACCG	SMARCC1	Direct_targeting	chr3	47781852	47781872	-	NGG
SPCS2_sg1	GGCTTCAGACAAGTCGGAGG	SPCS2	Direct_targeting	chr11	74949240	74949260	+	NGG
SPCS2_sg2	TCAGACAAGTCGGAGGGGAG	SPCS2	Direct_targeting	chr11	74949244	74949264	+	NGG
SRRM1_sg1	CGGCGGCGCGGTGTACCCTG	SRRM1	Direct_targeting	chr1	24643273	24643293	+	NGG
SRRM1_sg2	GGAGGAGGAAGTCCCGAGTG	SRRM1	Direct_targeting	chr1	24643689	24643709	+	NGG
ST13_sg1	GTGGTGGGCGAAACTGGGGG	ST13	Direct_targeting	chr22	40856549	40856569	-	NGG
ST13_sg2	CAGGCCTGAGGACCGTTGGG	ST13	Direct_targeting	chr22	40856402	40856422	-	NGG
TMEM167A_sg1	CAGCCACATCACCCTTCCGG	TMEM167A	Direct_targeting	chr5	83077342	83077362	-	NGG
TMEM167A_sg2	CGGCTGGAGAGGGCGAGAAG	TMEM167A	Direct_targeting	chr5	83077397	83077417	-	NGG
TMEM242_sg1	GAGTCTGGCGGCCCAGGGAG	TMEM242	Direct_targeting	chr6	157323255	157323275	-	NGG
TMEM242_sg2	GACAGCGGGCGCTGCAACTG	TMEM242	Direct_targeting	chr6	157323474	157323494	-	NGG
TSPO_sg1	CGAGGGCACGCTCCGGGAAG	TSPO	Direct_targeting	chr22	43151578	43151598	+	NGG
TSPO_sg2	CCTCACTCACCAGCGGCGAG	TSPO	Direct_targeting	chr22	43151594	43151614	+	NGG
UAP1_sg1	TCGCGCCGAGAAAGGTGAGG	UAP1	Direct_targeting	chr1	162561763	162561783	+	NGG
UAP1_sg2	ACCCCGCGAGAGGGTGTGTG	UAP1	Direct_targeting	chr1	162561996	162562016	+	NGG
UBE2T_sg1	AGCAACGCGCGGACCAACGG	UBE2T	Direct_targeting	chr1	202341918	202341938	-	NGG
UBE2T_sg2	CGCGTTGCTGCGTTGTGAGG	UBE2T	Direct_targeting	chr1	202341907	202341927	-	NGG
VDAC1_sg1	GGGCTGCGACGCGGAGGCAG	VDAC1	Direct_targeting	chr5	134004687	134004707	-	NGG
VDAC1_sg2	GAGGCAGGGAGCCGAGCCAG	VDAC1	Direct_targeting	chr5	134004700	134004720	-	NGG
control_sg1	AATGAGGAGCAAACGAAAAT	non-targeting	control	non-targeting	0	0	non-targeting	non-targeting
control_sg2	ACGAAATGTTTCATGACCAA	non-targeting	control	non-targeting	0	0	non-targeting	non-targeting
control_sg3	ATAGATTTACGTTACTCTCT	non-targeting	control	non-targeting	0	0	non-targeting	non-targeting
control_sg4	CCATAAAGAATTCGGTGTAG	non-targeting	control	non-targeting	0	0	non-targeting	non-targeting
control_sg5	CGAAAATGGGTGCGTGGACT	non-targeting	control	non-targeting	0	0	non-targeting	non-targeting
