guide_id	protospacer	targeting	type	guide_chr	guide_start	guide_end	strand	pam	intended_target_chr	intended_target_start	intended_target_end
210615_GATA1CRISPRiTiling_11	ACAGTGCACATAGTGAACTA	E.TWIST1	Direct_targeting	chr7	19049767	19049787	+	NGG	chr7	19049100	19049800
210615_GATA1CRISPRiTiling_1	GATTTGAGCTAATGCTTGGC	E.TWIST1	Direct_targeting	chr7	19049105	19049125	+	NGG	chr7	19049100	19049800
210615_GATA1CRISPRiTiling_2	GGCAGGAACATACATAGCTG	E.TWIST1	Direct_targeting	chr7	19049122	19049142	+	NGG	chr7	19049100	19049800
210615_GATA1CRISPRiTiling_10	GTGTACTTAGGCATGAAACT	E.TWIST1	Direct_targeting	chr7	19049714	19049734	+	NGG	chr7	19049100	19049800
210615_GATA1CRISPRiTiling_3	GTGAAGACTGAACTTTAACA	E.TWIST1	Direct_targeting	chr7	19049173	19049193	-	NGG	chr7	19049100	19049800
210615_GATA1CRISPRiTiling_8	CAAATTTGCAAATTGCATCC	E.TWIST1	Direct_targeting	chr7	19049582	19049602	-	NGG	chr7	19049100	19049800
210615_GATA1CRISPRiTiling_9	TCCTGAGCAATTACAAAATA	E.TWIST1	Direct_targeting	chr7	19049669	19049689	-	NGG	chr7	19049100	19049800
210615_GATA1CRISPRiTiling_5	AGGATGAGGAGCCATTACTG	E.TWIST1	Direct_targeting	chr7	19049347	19049367	+	NGG	chr7	19049100	19049800
210615_GATA1CRISPRiTiling_6	TGTTCTGAGAAGGAGGTAGC	E.TWIST1	Direct_targeting	chr7	19049467	19049487	-	NGG	chr7	19049100	19049800
210615_GATA1CRISPRiTiling_7	TGGATTCTGTTCTGAGAAGG	E.TWIST1	Direct_targeting	chr7	19049474	19049494	-	NGG	chr7	19049100	19049800
210615_GATA1CRISPRiTiling_22	GGGTTGCCTGAGTTGTCGTC	E1CAD9p21	Direct_targeting	chr9	22084973	22084993	-	NGG	chr9	22084550	22085150
210615_GATA1CRISPRiTiling_21	GAACACCCAGACGACAACTC	E1CAD9p21	Direct_targeting	chr9	22084964	22084984	+	NGG	chr9	22084550	22085150
210615_GATA1CRISPRiTiling_20	AAGTATCATATTACAGCTGC	E1CAD9p21	Direct_targeting	chr9	22084910	22084930	-	NGG	chr9	22084550	22085150
210615_GATA1CRISPRiTiling_19	CATTCATTATGAAGACTGGC	E1CAD9p21	Direct_targeting	chr9	22084806	22084826	+	NGG	chr9	22084550	22085150
210615_GATA1CRISPRiTiling_13	GCCCCACAAAACAATTTGGG	E1CAD9p21	Direct_targeting	chr9	22084620	22084640	-	NGG	chr9	22084550	22085150
210615_GATA1CRISPRiTiling_18	TAGCACTGTAAGAATGAGTA	E1CAD9p21	Direct_targeting	chr9	22084764	22084784	+	NGG	chr9	22084550	22085150
210615_GATA1CRISPRiTiling_24	CTCATACCAAAACACTGTGC	E1CAD9p21	Direct_targeting	chr9	22084995	22085015	-	NGG	chr9	22084550	22085150
210615_GATA1CRISPRiTiling_17	GTAGCACTGTAAGAATGAGT	E1CAD9p21	Direct_targeting	chr9	22084763	22084783	+	NGG	chr9	22084550	22085150
210615_GATA1CRISPRiTiling_26	TGATAATCCCCAATAAACTG	E1CAD9p21	Direct_targeting	chr9	22085086	22085106	+	NGG	chr9	22084550	22085150
210615_GATA1CRISPRiTiling_15	CTTTGGGTTGAAACTAAAAT	E1CAD9p21	Direct_targeting	chr9	22084648	22084668	+	NGG	chr9	22084550	22085150
210615_GATA1CRISPRiTiling_41	TTCATAATCCCAGCAATCGA	E2CAD9p21	Direct_targeting	chr9	22088226	22088246	-	NGG	chr9	22087950	22088250
210615_GATA1CRISPRiTiling_35	GCATCCCAAACAATACATAC	E2CAD9p21	Direct_targeting	chr9	22088147	22088167	+	NGG	chr9	22087950	22088250
210615_GATA1CRISPRiTiling_27	ACTAGGGAGTGTTATAGAAG	E2CAD9p21	Direct_targeting	chr9	22087962	22087982	+	NGG	chr9	22087950	22088250
210615_GATA1CRISPRiTiling_31	CCTTGGAGGTGACTTAGGCC	E2CAD9p21	Direct_targeting	chr9	22088125	22088145	+	NGG	chr9	22087950	22088250
210615_GATA1CRISPRiTiling_36	ACATACTGGAGTGAAGCTCC	E2CAD9p21	Direct_targeting	chr9	22088161	22088181	+	NGG	chr9	22087950	22088250
210615_GATA1CRISPRiTiling_40	TCGATTGCTGGGATTATGAA	E2CAD9p21	Direct_targeting	chr9	22088226	22088246	+	NGG	chr9	22087950	22088250
210615_GATA1CRISPRiTiling_32	AGGCCTAAGTCACCTCCAAG	E2CAD9p21	Direct_targeting	chr9	22088126	22088146	-	NGG	chr9	22087950	22088250
210615_GATA1CRISPRiTiling_28	AAATAGTCTCAGTCAGTGGA	E2CAD9p21	Direct_targeting	chr9	22087997	22088017	-	NGG	chr9	22087950	22088250
210615_GATA1CRISPRiTiling_33	CAGGCCTAAGTCACCTCCAA	E2CAD9p21	Direct_targeting	chr9	22088127	22088147	-	NGG	chr9	22087950	22088250
210615_GATA1CRISPRiTiling_34	CCAGGCCTAAGTCACCTCCA	E2CAD9p21	Direct_targeting	chr9	22088128	22088148	-	NGG	chr9	22087950	22088250
210615_GATA1CRISPRiTiling_47	TGACCCTGGCCTGATATAAA	E4CAD9p21	Direct_targeting	chr9	22097851	22097871	+	NGG	chr9	22097851	22097871
210615_GATA1CRISPRiTiling_50	ATAGCCTCAAGTCTTTCTAA	E4CAD9p21	Direct_targeting	chr9	22097924	22097944	-	NGG	chr9	22097924	22097944
210615_GATA1CRISPRiTiling_45	GGGTCAAAGAAATTGCAACA	E4CAD9p21	Direct_targeting	chr9	22097837	22097857	-	NGG	chr9	22097837	22097857
210615_GATA1CRISPRiTiling_46	AGGGTCAAAGAAATTGCAAC	E4CAD9p21	Direct_targeting	chr9	22097838	22097858	-	NGG	chr9	22097838	22097858
210615_GATA1CRISPRiTiling_49	TAGCCTCAAGTCTTTCTAAA	E4CAD9p21	Direct_targeting	chr9	22097923	22097943	-	NGG	chr9	22097923	22097943
210615_GATA1CRISPRiTiling_42	GCTGCATTCCTCTAATCTCA	E4CAD9p21	Direct_targeting	chr9	22097775	22097795	+	NGG	chr9	22097775	22097795
210615_GATA1CRISPRiTiling_44	GAAATTGCAACAGGGCTGAA	E4CAD9p21	Direct_targeting	chr9	22097829	22097849	-	NGG	chr9	22097829	22097849
210615_GATA1CRISPRiTiling_53	CAAGGAGACAAGTATGTGGA	E4CAD9p21	Direct_targeting	chr9	22098013	22098033	-	NGG	chr9	22098013	22098033
210615_GATA1CRISPRiTiling_43	AAATTGCAACAGGGCTGAAA	E4CAD9p21	Direct_targeting	chr9	22097828	22097848	-	NGG	chr9	22097828	22097848
210615_GATA1CRISPRiTiling_48	CCTGATATAAAAGGCAAACT	E4CAD9p21	Direct_targeting	chr9	22097860	22097880	+	NGG	chr9	22097860	22097880
210615_GATA1CRISPRiTiling_58	ACAGAGTTGGTGTTCCAAAC	E5CAD9p21	Direct_targeting	chr9	22098609	22098629	-	NGG	chr9	22098609	22098629
210615_GATA1CRISPRiTiling_55	TACTGACATGTGGTTACAAG	E5CAD9p21	Direct_targeting	chr9	22098513	22098533	-	NGG	chr9	22098513	22098533
210615_GATA1CRISPRiTiling_56	GCAAACATGCTACTGACATG	E5CAD9p21	Direct_targeting	chr9	22098523	22098543	-	NGG	chr9	22098523	22098543
210615_GATA1CRISPRiTiling_57	TCAAATGCATTCTATAGCAC	E5CAD9p21	Direct_targeting	chr9	22098555	22098575	+	NGG	chr9	22098555	22098575
210615_GATA1CRISPRiTiling_60	ACCTAAAAGGGCTTGCTGAA	E5CAD9p21	Direct_targeting	chr9	22098665	22098685	-	NGG	chr9	22098665	22098685
210615_GATA1CRISPRiTiling_64	CAAGTCTTAGAAACATTAAC	E5CAD9p21	Direct_targeting	chr9	22098707	22098727	+	NGG	chr9	22098707	22098727
210615_GATA1CRISPRiTiling_61	AACCTAAAAGGGCTTGCTGA	E5CAD9p21	Direct_targeting	chr9	22098666	22098686	-	NGG	chr9	22098666	22098686
210615_GATA1CRISPRiTiling_59	TGAAGTAACTGATACAGAGT	E5CAD9p21	Direct_targeting	chr9	22098622	22098642	-	NGG	chr9	22098622	22098642
210615_GATA1CRISPRiTiling_63	TCTAAGAACATAAACCTAAA	E5CAD9p21	Direct_targeting	chr9	22098678	22098698	-	NGG	chr9	22098678	22098698
210615_GATA1CRISPRiTiling_62	CTAAGAACATAAACCTAAAA	E5CAD9p21	Direct_targeting	chr9	22098677	22098697	-	NGG	chr9	22098677	22098697
210615_GATA1CRISPRiTiling_69	TTAGCCTCTGACCAACCTCC	E6CAD9p21	Direct_targeting	chr9	22103363	22103383	-	NGG	chr9	22103363	22103383
210615_GATA1CRISPRiTiling_70	GCTTAACTCTGGGCTACAGC	E6CAD9p21	Direct_targeting	chr9	22103396	22103416	+	NGG	chr9	22103396	22103416
210615_GATA1CRISPRiTiling_72	TAACTCTGGGCTACAGCTGG	E6CAD9p21	Direct_targeting	chr9	22103399	22103419	+	NGG	chr9	22103399	22103419
210615_GATA1CRISPRiTiling_76	TTTGCTGCTGACTCACCAGA	E6CAD9p21	Direct_targeting	chr9	22103483	22103503	-	NGG	chr9	22103483	22103503
210615_GATA1CRISPRiTiling_75	GCTTCGAAGTTGCTGCCCTC	E6CAD9p21	Direct_targeting	chr9	22103465	22103485	+	NGG	chr9	22103465	22103485
210615_GATA1CRISPRiTiling_77	CTTTGCTGCTGACTCACCAG	E6CAD9p21	Direct_targeting	chr9	22103484	22103504	-	NGG	chr9	22103484	22103504
210615_GATA1CRISPRiTiling_68	CCAGCCAGGAGGTTGGTCAG	E6CAD9p21	Direct_targeting	chr9	22103356	22103376	+	NGG	chr9	22103356	22103376
210615_GATA1CRISPRiTiling_66	GGGCATTGAGAAGTCCAGCC	E6CAD9p21	Direct_targeting	chr9	22103342	22103362	+	NGG	chr9	22103342	22103362
210615_GATA1CRISPRiTiling_79	TTGAAGTCTACAGAATGCTG	E6CAD9p21	Direct_targeting	chr9	22103574	22103594	-	NGG	chr9	22103574	22103594
210615_GATA1CRISPRiTiling_71	TTAACTCTGGGCTACAGCTG	E6CAD9p21	Direct_targeting	chr9	22103398	22103418	+	NGG	chr9	22103398	22103418
210615_GATA1CRISPRiTiling_88	CCAGTAGTGAGGTACATAAC	E7CAD9p21	Direct_targeting	chr9	22106679	22106699	+	NGG	chr9	22106679	22106699
210615_GATA1CRISPRiTiling_91	CCAGTTATGTACCTCACTAC	E7CAD9p21	Direct_targeting	chr9	22106682	22106702	-	NGG	chr9	22106682	22106702
210615_GATA1CRISPRiTiling_89	CAGTAGTGAGGTACATAACT	E7CAD9p21	Direct_targeting	chr9	22106680	22106700	+	NGG	chr9	22106680	22106700
210615_GATA1CRISPRiTiling_85	AATGCCTTGGCATAAGGGAC	E7CAD9p21	Direct_targeting	chr9	22106611	22106631	+	NGG	chr9	22106611	22106631
210615_GATA1CRISPRiTiling_86	TGTGCCAGTCCCTTATGCCA	E7CAD9p21	Direct_targeting	chr9	22106618	22106638	-	NGG	chr9	22106618	22106638
210615_GATA1CRISPRiTiling_90	AGTAGTGAGGTACATAACTG	E7CAD9p21	Direct_targeting	chr9	22106681	22106701	+	NGG	chr9	22106681	22106701
210615_GATA1CRISPRiTiling_87	TTATTGATGAACCAGTAGTG	E7CAD9p21	Direct_targeting	chr9	22106668	22106688	+	NGG	chr9	22106668	22106688
210615_GATA1CRISPRiTiling_92	GTGAGGTACATAACTGGGGA	E7CAD9p21	Direct_targeting	chr9	22106685	22106705	+	NGG	chr9	22106685	22106705
210615_GATA1CRISPRiTiling_81	AAGAGTCAGACAACTTGGGC	E7CAD9p21	Direct_targeting	chr9	22106512	22106532	-	NGG	chr9	22106512	22106532
210615_GATA1CRISPRiTiling_83	TATGTAAATGCCTTGGCATA	E7CAD9p21	Direct_targeting	chr9	22106605	22106625	+	NGG	chr9	22106605	22106625
210615_GATA1CRISPRiTiling_104	TGTCAGTATGAACATCCACT	E8CAD9p21	Direct_targeting	chr9	22110251	22110271	+	NGG	chr9	22110251	22110271
210615_GATA1CRISPRiTiling_103	TTGTCAGTATGAACATCCAC	E8CAD9p21	Direct_targeting	chr9	22110250	22110270	+	NGG	chr9	22110250	22110270
210615_GATA1CRISPRiTiling_101	ATTTCAAACTATCCTAACTA	E8CAD9p21	Direct_targeting	chr9	22110118	22110138	-	NGG	chr9	22110118	22110138
210615_GATA1CRISPRiTiling_107	TCACAGCTAAGAATTCTACC	E8CAD9p21	Direct_targeting	chr9	22110291	22110311	-	NGG	chr9	22110291	22110311
210615_GATA1CRISPRiTiling_99	GTCTGATAAACACCAACAAT	E8CAD9p21	Direct_targeting	chr9	22109910	22109930	+	NGG	chr9	22109910	22109930
210615_GATA1CRISPRiTiling_108	TGACATTTCTAATAGGACTG	E8CAD9p21	Direct_targeting	chr9	22110376	22110396	+	NGG	chr9	22110376	22110396
210615_GATA1CRISPRiTiling_105	GTTAAATAACAGGCACCCAG	E8CAD9p21	Direct_targeting	chr9	22110269	22110289	-	NGG	chr9	22110269	22110289
210615_GATA1CRISPRiTiling_106	ATTCTACCTGGTTAAATAAC	E8CAD9p21	Direct_targeting	chr9	22110279	22110299	-	NGG	chr9	22110279	22110299
210615_GATA1CRISPRiTiling_98	TGTTTATCAGACCAAATAGA	E8CAD9p21	Direct_targeting	chr9	22109902	22109922	-	NGG	chr9	22109902	22109922
210615_GATA1CRISPRiTiling_94	AAAATGAGTGTGATTAGGCA	E8CAD9p21	Direct_targeting	chr9	22109849	22109869	-	NGG	chr9	22109849	22109869
210615_GATA1CRISPRiTiling_121	AAGGGGTTAAACCACTGCGA	E9CAD9p21	Direct_targeting	chr9	22112232	22112252	+	NGG	chr9	22112232	22112252
210615_GATA1CRISPRiTiling_122	TGGAGAGAGATCCCTCGCAG	E9CAD9p21	Direct_targeting	chr9	22112246	22112266	-	NGG	chr9	22112246	22112266
210615_GATA1CRISPRiTiling_110	GCAAAACAACCCAGTAACTA	E9CAD9p21	Direct_targeting	chr9	22111891	22111911	+	NGG	chr9	22111891	22111911
210615_GATA1CRISPRiTiling_114	AAACTCATCTTGAACTACCA	E9CAD9p21	Direct_targeting	chr9	22112109	22112129	+	NGG	chr9	22112109	22112129
210615_GATA1CRISPRiTiling_111	CAGCTAAATCACAAGTGTCC	E9CAD9p21	Direct_targeting	chr9	22111966	22111986	+	NGG	chr9	22111966	22111986
210615_GATA1CRISPRiTiling_117	TTTGAAGGACAGCATAGAGC	E9CAD9p21	Direct_targeting	chr9	22112190	22112210	+	NGG	chr9	22112190	22112210
210615_GATA1CRISPRiTiling_118	ACTCTAGAACAGCCAAAACA	E9CAD9p21	Direct_targeting	chr9	22112213	22112233	+	NGG	chr9	22112213	22112233
210615_GATA1CRISPRiTiling_116	TGGTTAATGGAATTCCAGAA	E9CAD9p21	Direct_targeting	chr9	22112149	22112169	+	NGG	chr9	22112149	22112169
210615_GATA1CRISPRiTiling_109	ACCAAACACTCCTTCCAAAA	E9CAD9p21	Direct_targeting	chr9	22111861	22111881	-	NGG	chr9	22111861	22111881
210615_GATA1CRISPRiTiling_113	AAACTCATCCAAGTTTCTCC	E9CAD9p21	Direct_targeting	chr9	22111987	22112007	-	NGG	chr9	22111987	22112007
210615_GATA1CRISPRiTiling_136	GTCTGACATAGCTCTACAGC	E10CAD9p21	Direct_targeting	chr9	22115095	22115115	-	NGG	chr9	22115095	22115115
210615_GATA1CRISPRiTiling_125	CAAATTCTCCCTTACTATCC	E10CAD9p21	Direct_targeting	chr9	22114963	22114983	+	NGG	chr9	22114963	22114983
210615_GATA1CRISPRiTiling_126	AGGGGCAACCAGGATAGTAA	E10CAD9p21	Direct_targeting	chr9	22114974	22114994	-	NGG	chr9	22114974	22114994
210615_GATA1CRISPRiTiling_127	AAGGGGCAACCAGGATAGTA	E10CAD9p21	Direct_targeting	chr9	22114975	22114995	-	NGG	chr9	22114975	22114995
210615_GATA1CRISPRiTiling_138	AGCATTTGGAGTCCAAACAT	E10CAD9p21	Direct_targeting	chr9	22115141	22115161	-	NGG	chr9	22115141	22115161
210615_GATA1CRISPRiTiling_135	TCTGACATAGCTCTACAGCT	E10CAD9p21	Direct_targeting	chr9	22115094	22115114	-	NGG	chr9	22115094	22115114
210615_GATA1CRISPRiTiling_137	TGTAGAGCTATGTCAGACAA	E10CAD9p21	Direct_targeting	chr9	22115097	22115117	+	NGG	chr9	22115097	22115117
210615_GATA1CRISPRiTiling_133	CATCTTCAATGAGCACCAAA	E10CAD9p21	Direct_targeting	chr9	22115056	22115076	+	NGG	chr9	22115056	22115076
210615_GATA1CRISPRiTiling_124	TTGGTTAACTGAAAATCATC	E10CAD9p21	Direct_targeting	chr9	22114946	22114966	-	NGG	chr9	22114946	22114966
210615_GATA1CRISPRiTiling_134	CATTTGGTGCTCATTGAAGA	E10CAD9p21	Direct_targeting	chr9	22115058	22115078	-	NGG	chr9	22115058	22115078
210615_GATA1CRISPRiTiling_142	TTAGCTGAAGGGATCCGAAC	E11CAD9p21	Direct_targeting	chr9	22115944	22115964	-	NGG	chr9	22115944	22115964
210615_GATA1CRISPRiTiling_148	CTCAAACGGTGTATATCAAA	E11CAD9p21	Direct_targeting	chr9	22116240	22116260	+	NGG	chr9	22116240	22116260
210615_GATA1CRISPRiTiling_139	GTAAACAGGGCATATTGTGC	E11CAD9p21	Direct_targeting	chr9	22115759	22115779	+	NGG	chr9	22115759	22115779
210615_GATA1CRISPRiTiling_141	ACTCAAAGATACTTAGCCCT	E11CAD9p21	Direct_targeting	chr9	22115904	22115924	+	NGG	chr9	22115904	22115924
210615_GATA1CRISPRiTiling_150	GATATAAGTTTGAGTAGGTA	E11CAD9p21	Direct_targeting	chr9	22116262	22116282	+	NGG	chr9	22116262	22116282
210615_GATA1CRISPRiTiling_140	AACAGGGCATATTGTGCTGG	E11CAD9p21	Direct_targeting	chr9	22115762	22115782	+	NGG	chr9	22115762	22115782
210615_GATA1CRISPRiTiling_149	AAACGGATATAAGTTTGAGT	E11CAD9p21	Direct_targeting	chr9	22116257	22116277	+	NGG	chr9	22116257	22116277
210615_GATA1CRISPRiTiling_152	GTAGGTATGGAGATGAGCCA	E11CAD9p21	Direct_targeting	chr9	22116275	22116295	+	NGG	chr9	22116275	22116295
210615_GATA1CRISPRiTiling_144	AAATAATCATGCTTAGCTGA	E11CAD9p21	Direct_targeting	chr9	22115956	22115976	-	NGG	chr9	22115956	22115976
210615_GATA1CRISPRiTiling_143	AATAATCATGCTTAGCTGAA	E11CAD9p21	Direct_targeting	chr9	22115955	22115975	-	NGG	chr9	22115955	22115975
210615_GATA1CRISPRiTiling_162	TGTGTAATGTTGCAAACCCG	E.PDGFD	Direct_targeting	chr11	103668902	103668922	-	NGG	chr11	103668800	103669100
210615_GATA1CRISPRiTiling_167	TATAAAGGGTCACTATCTGG	E.PDGFD	Direct_targeting	chr11	103669034	103669054	-	NGG	chr11	103668800	103669100
210615_GATA1CRISPRiTiling_168	GATAGTGACCCTTTATAGAC	E.PDGFD	Direct_targeting	chr11	103669037	103669057	+	NGG	chr11	103668800	103669100
210615_GATA1CRISPRiTiling_156	CAGACAGATATTTACCCATC	E.PDGFD	Direct_targeting	chr11	103668846	103668866	-	NGG	chr11	103668800	103669100
210615_GATA1CRISPRiTiling_154	ATTCAAGGATTTATCACAGC	E.PDGFD	Direct_targeting	chr11	103668804	103668824	+	NGG	chr11	103668800	103669100
210615_GATA1CRISPRiTiling_165	ATAAATTTAGGCTAGACCAA	E.PDGFD	Direct_targeting	chr11	103668943	103668963	-	NGG	chr11	103668800	103669100
210615_GATA1CRISPRiTiling_155	CTATGTAGAATTCATCCAGA	E.PDGFD	Direct_targeting	chr11	103668828	103668848	+	NGG	chr11	103668800	103669100
210615_GATA1CRISPRiTiling_161	GGAGGAAATGCCACAACCAC	E.PDGFD	Direct_targeting	chr11	103668883	103668903	+	NGG	chr11	103668800	103669100
210615_GATA1CRISPRiTiling_164	TAAATTTAGGCTAGACCAAA	E.PDGFD	Direct_targeting	chr11	103668942	103668962	-	NGG	chr11	103668800	103669100
210615_GATA1CRISPRiTiling_160	AGGAGGAAATGCCACAACCA	E.PDGFD	Direct_targeting	chr11	103668882	103668902	+	NGG	chr11	103668800	103669100
210615_GATA1CRISPRiTiling_171	TGTGGGCAGACTGCACGCTT	E.SMAD3	Direct_targeting	chr15	67442852	67442872	-	NGG	chr15	67442800	67443100
210615_GATA1CRISPRiTiling_178	GAGAGGATACCCAGACCTAA	E.SMAD3	Direct_targeting	chr15	67442958	67442978	+	NGG	chr15	67442800	67443100
210615_GATA1CRISPRiTiling_173	ATTCGGGCAGACCTGACTGC	E.SMAD3	Direct_targeting	chr15	67442894	67442914	+	NGG	chr15	67442800	67443100
210615_GATA1CRISPRiTiling_170	CAAGCGTGCAGTCTGCCCAC	E.SMAD3	Direct_targeting	chr15	67442851	67442871	+	NGG	chr15	67442800	67443100
210615_GATA1CRISPRiTiling_179	AGAGCAGAAGCCATTAGGTC	E.SMAD3	Direct_targeting	chr15	67442971	67442991	-	NGG	chr15	67442800	67443100
210615_GATA1CRISPRiTiling_182	TGAGAAATTGCAGTTGTCAG	E.SMAD3	Direct_targeting	chr15	67443091	67443111	+	NGG	chr15	67442800	67443100
210615_GATA1CRISPRiTiling_181	CTTGAGAAATTGCAGTTGTC	E.SMAD3	Direct_targeting	chr15	67443089	67443109	+	NGG	chr15	67442800	67443100
210615_GATA1CRISPRiTiling_172	CACCATGAATCACTTCCTGT	E.SMAD3	Direct_targeting	chr15	67442869	67442889	-	NGG	chr15	67442800	67443100
210615_GATA1CRISPRiTiling_174	CGGGCAGACCTGACTGCAGG	E.SMAD3	Direct_targeting	chr15	67442897	67442917	+	NGG	chr15	67442800	67443100
210615_GATA1CRISPRiTiling_177	GGAGGCTGGGAACCAGGTCT	E.SMAD3	Direct_targeting	chr15	67442922	67442942	+	NGG	chr15	67442800	67443100
TSS.CDKN2A_1	GTCTAGCCCAGGCTAGGAGG	CDKN2A	Direct_targeting	chr9	21994019	21994039	-	NGG	chr9	21994019	21994039
TSS.CDKN2A_2	GGAGTGGCGCTGCTCACCTC	CDKN2A	Direct_targeting	chr9	21994367	21994387	-	NGG	chr9	21994367	21994387
TSS.CDKN2A_3	GCCTGGAGGCGGCGAGAACA	CDKN2A	Direct_targeting	chr9	21994310	21994330	-	NGG	chr9	21994310	21994330
TSS.CDKN2A_4	GGTGCCAAAGGGCGGCGCAG	CDKN2A	Direct_targeting	chr9	21994346	21994366	-	NGG	chr9	21994346	21994366
TSS.CDKN2A_5	GCGCCGCCCTTTGGCACCAG	CDKN2A	Direct_targeting	chr9	21994368	21994388	+	NGG	chr9	21994368	21994388
TSS.CDKN2A_6	GCGGCTGCCGAGCTCGGCCC	CDKN2A	Direct_targeting	chr9	21994327	21994347	-	NGG	chr9	21994327	21994347
TSS.CDKN2A_7	GCAGCCGCTGCGCCGCCCTT	CDKN2A	Direct_targeting	chr9	21994359	21994379	+	NGG	chr9	21994359	21994379
TSS.CDKN2A_8	GGCTCACCTCTGGTGCCAAA	CDKN2A	Direct_targeting	chr9	21994357	21994377	-	NGG	chr9	21994357	21994377
TSS.CDKN2A_9	GGCACGCGCGCCGAATCCGG	CDKN2A	Direct_targeting	chr9	21994285	21994305	+	NGG	chr9	21994285	21994305
TSS.CDKN2A_10	GAGTCGTTGTAACCCGAATG	CDKN2A	Direct_targeting	chr9	21993988	21994008	+	NGG	chr9	21993988	21994008
TSS.CDKN2A_11	GTGGCCAGCCAGTCAGCCGA	CDKN2A	Direct_targeting	chr9	21974774	21974794	+	NGG	chr9	21974774	21974794
TSS.CDKN2A_12	GGCTGAGAAGATCTGAAGGG	CDKN2A	Direct_targeting	chr9	21974408	21974428	-	NGG	chr9	21974408	21974428
TSS.CDKN2A_13	GCCAGGGCGTCGCCAGGAGG	CDKN2A	Direct_targeting	chr9	21974504	21974524	+	NGG	chr9	21974504	21974524
TSS.CDKN2A_14	GGTCGGAGGCCGATCCAGGT	CDKN2A	Direct_targeting	chr9	21974655	21974675	-	NGG	chr9	21974655	21974675
TSS.CDKN2A_15	GGGATGGCGGGCGACTCTGG	CDKN2A	Direct_targeting	chr9	21974609	21974629	-	NGG	chr9	21974609	21974629
TSS.CDKN2A_16	GCTGGCTGGTCACCAGAGGG	CDKN2A	Direct_targeting	chr9	21974876	21974896	-	NGG	chr9	21974876	21974896
TSS.CDKN2A_17	GTGGAGGACGAAGTTTGCAG	CDKN2A	Direct_targeting	chr9	21974593	21974613	-	NGG	chr9	21974593	21974613
TSS.CDKN2A_18	GGTAATCACAGACCTCCTCC	CDKN2A	Direct_targeting	chr9	21974499	21974519	-	NGG	chr9	21974499	21974519
TSS.CDKN2A_19	GGGCCGATCCAGGTGGGTAG	CDKN2A	Direct_targeting	chr9	21974649	21974669	-	NGG	chr9	21974649	21974669
TSS.CDKN2A_20	GCATGGAGCCTTCGGCTGAC	CDKN2A	Direct_targeting	chr9	21974765	21974785	-	NGG	chr9	21974765	21974785
TSS.CDKN2B_1	GGAATGCGCGAGGAGAACAA	CDKN2B	Direct_targeting	chr9	22008916	22008936	-	NGG	chr9	22008916	22008936
TSS.CDKN2B_2	GACAAGGGCATGCCCAGTGG	CDKN2B	Direct_targeting	chr9	22008901	22008921	-	NGG	chr9	22008901	22008921
TSS.CDKN2B_3	GAAGCCGGCGCGGATCCCAA	CDKN2B	Direct_targeting	chr9	22008811	22008831	-	NGG	chr9	22008811	22008831
TSS.CDKN2B_4	GACTCTGCCAGAGCGAGGCG	CDKN2B	Direct_targeting	chr9	22009266	22009286	-	NGG	chr9	22009266	22009286
TSS.CDKN2B_5	GGCGACGCGTCCGCACCCTG	CDKN2B	Direct_targeting	chr9	22009231	22009251	-	NGG	chr9	22009231	22009251
TSS.CDKN2B_6	GCCGCACCCTGCGGCCAGAG	CDKN2B	Direct_targeting	chr9	22009222	22009242	-	NGG	chr9	22009222	22009242
TSS.CDKN2B_7	GCAAGCCGCAGAAGGACGAC	CDKN2B	Direct_targeting	chr9	22009073	22009093	-	NGG	chr9	22009073	22009093
TSS.CDKN2B_8	GGCCGCGGCGCGGGGACTAG	CDKN2B	Direct_targeting	chr9	22008854	22008874	-	NGG	chr9	22008854	22008874
TSS.CDKN2B_9	GGCCGAGCTCAAAGCCGCTC	CDKN2B	Direct_targeting	chr9	22009225	22009245	+	NGG	chr9	22009225	22009245
TSS.CDKN2B_10	GGTGGGGGCGGCAGCGATGA	CDKN2B	Direct_targeting	chr9	22008886	22008906	-	NGG	chr9	22008886	22008906
TSS.PDGFD_1	GGCGATTAGCACAGCGACCC	PDGFD	Direct_targeting	chr11	104164021	104164041	-	NGG	chr11	104164021	104164041
TSS.PDGFD_2	GCTCTCTCAGGACTGGATAC	PDGFD	Direct_targeting	chr11	104163638	104163658	+	NGG	chr11	104163638	104163658
TSS.PDGFD_3	GCGGTCCCGGGAGCAGAACC	PDGFD	Direct_targeting	chr11	104163951	104163971	-	NGG	chr11	104163951	104163971
TSS.PDGFD_4	GCCGGAAATGGAGCTCTCTC	PDGFD	Direct_targeting	chr11	104163626	104163646	+	NGG	chr11	104163626	104163646
TSS.PDGFD_5	GTTTCCGGAATGGGACTGAG	PDGFD	Direct_targeting	chr11	104163595	104163615	-	NGG	chr11	104163595	104163615
TSS.PDGFD_6	GGAACTTTCCGAGCGCGTGT	PDGFD	Direct_targeting	chr11	104164087	104164107	+	NGG	chr11	104164087	104164107
TSS.PDGFD_7	GGTTCAGCATGCAGGAAGTT	PDGFD	Direct_targeting	chr11	104164053	104164073	-	NGG	chr11	104164053	104164073
TSS.PDGFD_8	GTGTGGGACGCGTGCTGATG	PDGFD	Direct_targeting	chr11	104163573	104163593	-	NGG	chr11	104163573	104163593
TSS.PDGFD_9	GTGCAGCAAGGTGAGCCACC	PDGFD	Direct_targeting	chr11	104163557	104163577	+	NGG	chr11	104163557	104163577
TSS.PDGFD_10	GTGGGTGCCGCACTTCCTTG	PDGFD	Direct_targeting	chr11	104164105	104164125	+	NGG	chr11	104164105	104164125
TSS.SMAD3_1	GGCGGCCGCGAGACTCCAAG	SMAD3	Direct_targeting	chr15	67065825	67065845	-	NGG	chr15	67065825	67065845
TSS.SMAD3_2	GCCCACGGCGAAGAGAAGAG	SMAD3	Direct_targeting	chr15	67065907	67065927	-	NGG	chr15	67065907	67065927
TSS.SMAD3_3	GGCCTGCTGGGCTGGAAGAA	SMAD3	Direct_targeting	chr15	67066193	67066213	+	NGG	chr15	67066193	67066213
TSS.SMAD3_4	GGAAGAAGGGCGAGCAGAAC	SMAD3	Direct_targeting	chr15	67066206	67066226	+	NGG	chr15	67066206	67066226
TSS.SMAD3_5	GGGCGGACGGCAGCAGTGCA	SMAD3	Direct_targeting	chr15	67065878	67065898	-	NGG	chr15	67065878	67065898
TSS.SMAD3_6	GGACGGCAGCAGTGCAGGGT	SMAD3	Direct_targeting	chr15	67065874	67065894	-	NGG	chr15	67065874	67065894
TSS.SMAD3_7	GCAAGAAACTCAAGAAGACG	SMAD3	Direct_targeting	chr15	67066269	67066289	+	NGG	chr15	67066269	67066289
TSS.SMAD3_8	GTCACGATCGGGGGAGTGAA	SMAD3	Direct_targeting	chr15	67066152	67066172	-	NGG	chr15	67066152	67066172
TSS.SMAD3_9	GGCTGCCACTTGGAGTCTCG	SMAD3	Direct_targeting	chr15	67065837	67065857	+	NGG	chr15	67065837	67065857
TSS.SMAD3_10	GAAGGGCGAGCAGAACGGGC	SMAD3	Direct_targeting	chr15	67066210	67066230	+	NGG	chr15	67066210	67066230
TSS.TWIST1_1	GCAGCGAGGAAGAGCCAGAC	TWIST1	Direct_targeting	chr7	19117226	19117246	-	NGG	chr7	19117226	19117246
TSS.TWIST1_2	GCCGCCAGGCCTCCTGGAAA	TWIST1	Direct_targeting	chr7	19117576	19117596	+	NGG	chr7	19117576	19117596
TSS.TWIST1_3	GACCGGCAGCAGCCGCCGAG	TWIST1	Direct_targeting	chr7	19117209	19117229	-	NGG	chr7	19117209	19117229
TSS.TWIST1_4	GCGCCGAGCGGCAAGCGCGG	TWIST1	Direct_targeting	chr7	19117197	19117217	-	NGG	chr7	19117197	19117217
TSS.TWIST1_5	GCAGAGCCCGCGAGGTGTCT	TWIST1	Direct_targeting	chr7	19117609	19117629	+	NGG	chr7	19117609	19117629
TSS.TWIST1_6	GCCGCGAGGTGTCTGGGAGT	TWIST1	Direct_targeting	chr7	19117615	19117635	+	NGG	chr7	19117615	19117635
TSS.TWIST1_7	GCCAAAAAGAAAGCGCCCAA	TWIST1	Direct_targeting	chr7	19117541	19117561	+	NGG	chr7	19117541	19117561
TSS.TWIST1_8	GGAGAGAGCAGGAGGACGGA	TWIST1	Direct_targeting	chr7	19117436	19117456	+	NGG	chr7	19117436	19117456
TSS.TWIST1_9	GGCGGGTCATGGCCAACGTG	TWIST1	Direct_targeting	chr7	19116956	19116976	-	NGG	chr7	19116956	19116976
TSS.TWIST1_10	GGGCCTCCTGGAAACGGTGC	TWIST1	Direct_targeting	chr7	19117582	19117602	+	NGG	chr7	19117582	19117602
210615_GATA1CRISPRiTiling_647	GAGCAGAGACCTCCTGAACC	safe_targeting	Targeting_non-targeting	chr15	27366657	27366677	-	NGG	chr15	27366657	27366677
210615_GATA1CRISPRiTiling_648	GCAGGGGGACACGGGCACAT	safe_targeting	Targeting_non-targeting	chr15	27366795	27366815	-	NGG	chr15	27366795	27366815
210615_GATA1CRISPRiTiling_649	GCATCACAGAGGTGACACTG	safe_targeting	Targeting_non-targeting	chr15	27366898	27366918	-	NGG	chr15	27366898	27366918
210615_GATA1CRISPRiTiling_650	GCTCCAGGAGGGTACGAGGA	safe_targeting	Targeting_non-targeting	chr15	27367137	27367157	-	NGG	chr15	27367137	27367157
210615_GATA1CRISPRiTiling_651	GTGTGTTGGCCTAGGGATGA	safe_targeting	Targeting_non-targeting	chr15	27367283	27367303	-	NGG	chr15	27367283	27367303
210615_GATA1CRISPRiTiling_652	GACTAATTCTTGATGAGGTT	safe_targeting	Targeting_non-targeting	chr15	27367435	27367455	+	NGG	chr15	27367435	27367455
210615_GATA1CRISPRiTiling_653	GAGAGAGACTATTTCAGGAT	safe_targeting	Targeting_non-targeting	chr15	27367572	27367592	+	NGG	chr15	27367572	27367592
210615_GATA1CRISPRiTiling_654	GTTAATCAGCAAGGACCACA	safe_targeting	Targeting_non-targeting	chr15	27367759	27367779	-	NGG	chr15	27367759	27367779
210615_GATA1CRISPRiTiling_655	GAAAACACACCTTATCACAG	safe_targeting	Targeting_non-targeting	chr15	27367855	27367875	-	NGG	chr15	27367855	27367875
210615_GATA1CRISPRiTiling_656	GTCCCATTCCTGGCCATTCT	safe_targeting	Targeting_non-targeting	chr15	27368033	27368053	-	NGG	chr15	27368033	27368053
210615_GATA1CRISPRiTiling_184	GTACCTAGAATGCCGCCTAG	non-targeting	Non-targeting_non-targeting	non_targeting	0	0			non_targeting	0	0
210615_GATA1CRISPRiTiling_185	GTTAAGGTAAGACAGGGTGG	non-targeting	Non-targeting_non-targeting	non_targeting	0	0			non_targeting	0	0
210615_GATA1CRISPRiTiling_186	GCTGGTGCCCGCCGGAGTCC	non-targeting	Non-targeting_non-targeting	non_targeting	0	0			non_targeting	0	0
210615_GATA1CRISPRiTiling_187	GTCGCTCCCCGTTGTCGGGG	non-targeting	Non-targeting_non-targeting	non_targeting	0	0			non_targeting	0	0
210615_GATA1CRISPRiTiling_188	GGCGTGTAGAAAGCTGACCA	non-targeting	Non-targeting_non-targeting	non_targeting	0	0			non_targeting	0	0
210615_GATA1CRISPRiTiling_189	GATGTCTGATGACTCGCTGA	non-targeting	Non-targeting_non-targeting	non_targeting	0	0			non_targeting	0	0
210615_GATA1CRISPRiTiling_190	GTAACTTCAACACGTGAGCA	non-targeting	Non-targeting_non-targeting	non_targeting	0	0			non_targeting	0	0
210615_GATA1CRISPRiTiling_191	GTTCAGTAATCACTACCTCG	non-targeting	Non-targeting_non-targeting	non_targeting	0	0			non_targeting	0	0
210615_GATA1CRISPRiTiling_192	GTTACAGGAGTGGTTCACTG	non-targeting	Non-targeting_non-targeting	non_targeting	0	0			non_targeting	0	0
210615_GATA1CRISPRiTiling_193	GCTCACGTAGTCCGTTATTA	non-targeting	Non-targeting_non-targeting	non_targeting	0	0			non_targeting	0	0
210615_GATA1CRISPRiTiling_194	GACTCTGCCGGGGATCACCG	non-targeting	Non-targeting_non-targeting	non_targeting	0	0			non_targeting	0	0
210615_GATA1CRISPRiTiling_195	GTCTGCGTGAGCAGGAACGG	non-targeting	Non-targeting_non-targeting	non_targeting	0	0			non_targeting	0	0
210615_GATA1CRISPRiTiling_196	GACTGGATGTGAATACCCGT	non-targeting	Non-targeting_non-targeting	non_targeting	0	0			non_targeting	0	0
210615_GATA1CRISPRiTiling_197	GACTTTGCATTAATAGGTCA	non-targeting	Non-targeting_non-targeting	non_targeting	0	0			non_targeting	0	0
210615_GATA1CRISPRiTiling_198	GCAGTTCAACGAGAACCTCG	non-targeting	Non-targeting_non-targeting	non_targeting	0	0			non_targeting	0	0
210615_GATA1CRISPRiTiling_199	GTCAGGGGAAGGATTACGAT	non-targeting	Non-targeting_non-targeting	non_targeting	0	0			non_targeting	0	0
210615_GATA1CRISPRiTiling_200	GTTCTGGTCGTGACTTCGAG	non-targeting	Non-targeting_non-targeting	non_targeting	0	0			non_targeting	0	0
210615_GATA1CRISPRiTiling_201	GTCGGACCGTGACTCCACCC	non-targeting	Non-targeting_non-targeting	non_targeting	0	0			non_targeting	0	0
210615_GATA1CRISPRiTiling_202	GCCCGGCCGATCGCCAGCTC	non-targeting	Non-targeting_non-targeting	non_targeting	0	0			non_targeting	0	0
210615_GATA1CRISPRiTiling_203	GCGCTTTCTATAGTCTCGAG	non-targeting	Non-targeting_non-targeting	non_targeting	0	0			non_targeting	0	0
